strategic_portfolio,product_line
Auto Insights,Cross-Product
Auto Insights,OV360
Market & Sell,Commercial
Market & Sell,Cross-Product
Market & Sell,EEQ
Market & Sell,Market Scan
Market & Sell,NA Industry Performance
Market & Sell,PAS
Plan & Build,Aftermarket
Plan & Build,Cross-Product
Plan & Build,DND/MI
Plan & Build,Financial Markets
Plan & Build,Intl. Industry Performance
Plan & Build,SCT
Plan & Build,Sustainable Mobility
Plan & Build,Vehicle Powertrain
Vehicles In Use,Recall
Vehicles In Use,VIN Solutions
